parent-username,parent-id,parent-creation-time,parent-block-time,child-username,child-id,child-creation-time,child-block-time,label
Ryleewilder,40681152,2020-11-30 17:05:14,2020-11-30 17:08:27,Matthewmorrisonisevil,40692603,2020-12-02 00:52:05,2020-12-02 00:58:07,1
Gfstudent21,40686037,2020-12-01 08:01:21,2021-01-01 20:08:35,Inception-ggf,40907694,2021-01-04 13:11:44,2021-01-06 16:52:33,1
Mr. Master of Editor,40686632,2020-12-01 09:53:00,2021-01-20 15:42:00,Beat cha ching,41037679,2021-01-21 18:03:43,2021-01-23 10:23:32,1
Gxolol,40693612,2020-12-02 04:49:34,2021-01-05 06:00:40,Plutotoocool,41050513,2021-01-23 06:22:31,2021-01-24 07:48:00,1
Raphael1234567,40699745,2020-12-02 20:29:28,2020-12-12 15:51:06,Gambit21,40775608,2020-12-13 22:14:10,2020-12-28 07:55:38,1
Account10000,40701122,2020-12-03 00:59:32,2020-12-08 04:31:44,Account30000,41112943,2021-01-30 22:35:04,2021-01-30 23:06:22,1
Eighteen Commandments,40703366,2020-12-03 09:40:14,2020-12-03 09:53:40,FakoFFF,40703517,2020-12-03 10:14:29,2020-12-03 10:20:38,1
Android 1123581321,40706185,2020-12-03 17:29:39,2020-12-05 11:58:45,Android 13610152128,40740737,2020-12-08 18:08:58,2020-12-09 11:38:55,1
Iccia.wiki,40727134,2020-12-06 20:56:34,2020-12-09 16:20:49,NewsPalace,40771307,2020-12-13 09:39:38,,1
